<?xml version="1.0" encoding="UTF-8"?>
<project-private xmlns="http://www.netbeans.org/ns/project-private/1">
    <editor-bookmarks xmlns="http://www.netbeans.org/ns/editor-bookmarks/2" lastBookmarkId="0"/>
    <open-files xmlns="http://www.netbeans.org/ns/projectui-open-files/2">
        <group>
            <file>file:/C:/Users/ASUS/Documents/NetBeansProjects/e-visa/web/register.jsp</file>
            <file>file:/C:/Users/ASUS/Documents/NetBeansProjects/e-visa/web/admin.jsp</file>
            <file>file:/C:/Users/ASUS/Documents/NetBeansProjects/e-visa/web/udara.jpg</file>
            <file>file:/C:/Users/ASUS/Documents/NetBeansProjects/e-visa/web/viewapplyvisa.jsp</file>
            <file>file:/C:/Users/ASUS/Documents/NetBeansProjects/e-visa/web/admincalculate.jsp</file>
            <file>file:/C:/Users/ASUS/Documents/NetBeansProjects/e-visa/web/Nhrushikesh.jpg</file>
            <file>file:/C:/Users/ASUS/Documents/NetBeansProjects/e-visa/src/java/visa/util/DBConnect.java</file>
            <file>file:/C:/Users/ASUS/Documents/NetBeansProjects/e-visa/web/usermain.jsp</file>
            <file>file:/C:/Users/ASUS/Documents/NetBeansProjects/e-visa/web/index.jsp</file>
            <file>file:/C:/Users/ASUS/Documents/NetBeansProjects/e-visa/web/prototype.js</file>
            <file>file:/C:/Users/ASUS/Documents/NetBeansProjects/e-visa/web/contactus.jsp</file>
            <file>file:/C:/Users/ASUS/Documents/NetBeansProjects/e-visa/web/add.png</file>
            <file>file:/C:/Users/ASUS/Documents/NetBeansProjects/e-visa/web/adminchargers.jsp</file>
            <file>file:/C:/Users/ASUS/Documents/NetBeansProjects/e-visa/web/logo.png</file>
            <file>file:/C:/Users/ASUS/Documents/NetBeansProjects/e-visa/nbproject/build-impl.xml</file>
            <file>file:/C:/Users/ASUS/Documents/NetBeansProjects/e-visa/web/adminpageusers.jsp</file>
            <file>file:/C:/Users/ASUS/Documents/NetBeansProjects/e-visa/web/calendarview.css</file>
            <file>file:/C:/Users/ASUS/Documents/NetBeansProjects/e-visa/src/java/visa/servlet/LoginServlet.java</file>
            <file>file:/C:/Users/ASUS/Documents/NetBeansProjects/e-visa/web/paymentsuccess.jsp</file>
            <file>file:/C:/Users/ASUS/Documents/NetBeansProjects/e-visa/web/adminmain.jsp</file>
            <file>file:/C:/Users/ASUS/Documents/NetBeansProjects/e-visa/web/calendar.jsp</file>
            <file>file:/C:/Users/ASUS/Documents/NetBeansProjects/e-visa/web/main.css</file>
            <file>file:/C:/Users/ASUS/Documents/NetBeansProjects/e-visa/web/login.jsp</file>
            <file>file:/C:/Users/ASUS/Documents/NetBeansProjects/e-visa/web/userprofile.jsp</file>
            <file>file:/C:/Users/ASUS/Documents/NetBeansProjects/e-visa/web/incorrectuser.jsp</file>
            <file>file:/C:/Users/ASUS/Documents/NetBeansProjects/e-visa/web/main.jsp</file>
            <file>file:/C:/Users/ASUS/Documents/NetBeansProjects/e-visa/src/java/visa/service/LoginService.java</file>
            <file>file:/C:/Users/ASUS/Documents/NetBeansProjects/e-visa/web/userpayment.jsp</file>
            <file>file:/C:/Users/ASUS/Documents/NetBeansProjects/e-visa/src/java/visa/service/UpdateUser.java</file>
            <file>file:/C:/Users/ASUS/Documents/NetBeansProjects/e-visa/web/usercontactus.jsp</file>
            <file>file:/C:/Users/ASUS/Documents/NetBeansProjects/e-visa/src/java/visa/servlet/Calculate.java</file>
            <file>file:/C:/Users/ASUS/Documents/NetBeansProjects/e-visa/web/adminprofile.jsp</file>
            <file>file:/C:/Users/ASUS/Documents/NetBeansProjects/e-visa/web/welcome.jsp</file>
            <file>file:/C:/Users/ASUS/Documents/NetBeansProjects/e-visa/web/admincalendar.jsp</file>
        </group>
    </open-files>
</project-private>
